Fecha,C1,C2,C3,C4,C5,SB,Suma_cifras,Suma_total
2026-8-22,11,17,22,32,35,1,117,118
2026-8-19,6,13,14,26,37,12,96,108
2026-8-17,15,31,36,41,42,3,165,168
2026-8-15,3,6,13,16,28,8,66,74
2026-8-12,16,23,33,36,42,1,150,151
2026-8-10,9,13,21,31,36,3,110,113
2026-8-8,12,13,22,31,42,9,120,129
2026-8-5,7,15,23,37,43,3,125,128
2026-8-3,1,12,13,25,34,3,85,88
2026-8-1,27,29,33,38,39,16,166,182
2026-7-29,1,7,11,26,27,11,72,83
2026-7-27,1,5,10,26,38,4,80,84
2026-7-25,1,6,30,31,35,2,103,105
2026-7-22,3,6,18,32,33,7,92,99
2026-7-20,3,10,11,23,33,15,80,95
2026-7-18,5,6,31,32,34,8,108,116
2026-7-15,10,22,27,30,35,16,124,140
2026-7-13,10,11,15,21,34,1,91,92
2026-7-11,29,35,38,41,42,2,185,187
2026-7-8,4,12,26,35,37,13,114,127
2026-7-6,14,17,31,42,43,2,147,149
2026-7-4,3,4,14,26,41,8,88,96
2026-7-1,3,14,26,34,35,8,112,120
2026-6-29,15,21,25,31,35,4,127,131
2026-6-27,13,17,18,30,35,14,113,127
2026-6-24,8,17,31,36,41,8,133,141
2026-6-22,4,10,20,27,36,1,97,98
2026-6-20,8,17,26,29,32,7,112,119
2026-6-17,7,12,19,34,35,9,107,116
2026-6-15,18,24,32,37,39,3,150,153
2026-6-13,22,35,37,38,42,12,174,186
2026-6-10,7,14,22,35,41,6,119,125
2026-6-8,14,26,30,37,39,2,146,148
2026-6-6,7,11,25,32,36,8,111,119
2026-6-3,4,12,13,31,35,9,95,104
2026-6-1,12,19,33,35,41,10,140,150
2026-5-30,8,14,23,34,38,4,117,121
2026-5-27,11,24,26,31,37,16,129,145
2026-5-25,6,13,20,32,42,16,113,129
2026-5-23,12,16,25,27,37,7,117,124
2026-5-20,4,8,10,42,43,5,107,112
2026-5-18,8,10,31,32,40,2,121,123
2026-5-16,4,9,16,22,28,15,79,94
2026-5-13,3,15,16,22,38,2,94,96
2026-5-11,6,12,15,23,31,16,87,103
2026-5-9,1,2,13,19,43,6,78,84
2026-5-6,9,24,25,29,42,2,129,131
2026-5-4,3,5,17,24,38,11,87,98
2026-5-2,10,12,13,24,39,9,98,107
2026-4-29,3,6,7,13,28,2,57,59
2026-4-27,1,13,19,27,28,14,88,102
2026-4-25,12,13,17,25,34,4,101,105
2026-4-22,11,16,29,37,39,3,132,135
2026-4-20,2,29,30,35,41,1,137,138
2026-4-18,20,24,27,28,32,13,131,144
2026-4-15,11,25,29,34,39,13,138,151
2026-4-13,17,19,21,38,42,5,137,142
2026-4-11,6,16,19,26,43,16,110,126
2026-4-8,2,3,22,25,36,5,88,93
2026-4-6,14,21,25,29,41,9,130,139
2026-4-4,2,15,16,18,35,6,86,92
2026-4-1,1,3,14,35,37,14,90,104
2026-3-30,2,5,18,20,37,8,82,90
2026-3-28,24,37,38,40,42,7,181,188
2026-3-25,22,25,36,41,42,16,166,182
2026-3-23,4,11,12,23,28,11,78,89
2026-3-21,23,24,33,39,42,13,161,174
2026-3-18,4,8,14,17,18,12,61,73
2026-3-16,12,18,19,21,42,8,112,120
2026-3-14,2,15,27,38,39,10,121,131
2026-3-11,9,11,22,23,33,6,98,104
2026-3-9,1,5,15,22,27,9,70,79
2026-3-7,1,3,8,20,21,7,53,60
2026-3-4,6,10,12,19,26,14,73,87
2026-3-2,1,10,21,34,36,1,102,103
2026-2-28,3,4,19,25,42,15,93,108
2026-2-25,15,24,34,38,43,8,154,162
2026-2-23,4,11,15,23,43,2,96,98
2026-2-21,6,13,14,17,19,12,69,81
2026-2-18,2,4,12,24,42,6,84,90
2026-2-16,16,18,22,27,33,5,116,121
2026-2-14,14,35,37,38,41,10,165,175
2026-2-11,13,26,33,34,38,5,144,149
2026-2-9,3,10,15,25,35,1,88,89
2026-2-7,5,7,12,13,27,4,64,68
2026-2-4,1,8,10,19,26,9,64,73
2026-2-2,6,8,19,21,30,9,84,93
2026-1-31,8,12,20,24,36,4,100,104
2026-1-28,2,9,17,23,35,2,86,88
2026-1-26,15,16,20,29,39,12,119,131
2026-1-24,17,21,24,30,34,3,126,129
2026-1-21,3,4,8,17,31,11,63,74
2026-1-19,8,9,17,27,30,11,91,102
2026-1-17,13,26,32,34,39,15,144,159
2026-1-14,4,11,21,24,28,7,88,95
2026-1-12,7,26,27,33,36,14,129,143
2026-1-10,6,10,25,33,43,16,117,133
2026-1-7,4,18,21,28,33,2,104,106
2026-1-5,4,7,20,22,39,3,92,95
2026-1-3,1,4,11,14,34,5,64,69
2025-12-31,9,13,19,41,43,16,125,141
2025-12-29,11,15,23,36,42,8,127,135
2025-12-27,4,15,22,35,41,3,117,120
2025-12-24,14,18,27,34,40,7,133,140
2025-12-22,9,24,27,35,42,4,137,141
2025-12-20,1,12,19,22,29,7,83,90
2025-12-17,6,15,17,27,30,16,95,111
2025-12-15,3,18,30,33,42,5,126,131
2025-12-13,12,14,17,37,41,9,121,130
2025-12-10,20,40,41,42,43,11,186,197
2025-12-8,2,7,30,33,42,4,114,118
2025-12-6,13,18,27,29,35,8,122,130
2025-12-3,7,16,30,37,39,2,129,131
2025-12-1,7,26,30,37,39,3,139,142
2025-11-29,4,17,28,33,43,3,125,128
2025-11-26,8,13,33,35,40,8,129,137
2025-11-24,3,9,23,28,37,14,100,114
2025-11-22,4,8,20,21,43,16,96,112
2025-11-19,12,24,32,36,41,15,145,160
2025-11-17,3,18,28,32,37,11,118,129
2025-11-15,7,9,16,24,39,7,95,102
2025-11-12,14,20,39,40,41,10,154,164
2025-11-10,10,12,17,30,34,8,103,111
2025-11-8,14,23,33,38,40,6,148,154
2025-11-5,14,16,26,39,43,14,138,152
2025-11-3,5,12,18,27,31,3,93,96
2025-11-1,5,24,27,37,41,6,134,140
2025-10-29,7,9,13,21,42,3,92,95
2025-10-27,5,18,22,24,31,7,100,107
2025-10-25,1,14,36,37,39,13,127,140
2025-10-22,1,21,23,30,42,16,117,133
2025-10-20,6,8,12,19,36,16,81,97
2025-10-18,6,14,26,40,41,7,127,134
2025-10-15,4,18,37,38,40,15,137,152
2025-10-13,9,21,27,29,41,13,127,140
2025-10-11,1,6,15,25,38,14,85,99
2025-10-8,5,6,25,26,32,14,94,108
2025-10-6,5,18,23,34,40,14,120,134
2025-10-4,20,23,30,39,43,3,155,158
2025-10-1,11,15,20,25,41,7,112,119
2025-9-29,1,13,25,30,31,6,100,106
2025-9-27,14,17,19,28,33,2,111,113
2025-9-24,2,3,9,21,35,12,70,82
2025-9-22,5,6,12,14,35,12,72,84
2025-9-20,12,24,29,39,42,8,146,154
2025-9-17,5,7,11,15,23,3,61,64
2025-9-15,3,5,13,21,31,16,73,89
2025-9-13,6,13,14,28,34,13,95,108
2025-9-10,5,8,16,27,35,5,91,96
2025-9-8,4,18,27,34,39,9,122,131
2025-9-6,2,15,22,29,42,8,110,118
2025-9-3,5,19,21,42,43,14,130,144
2025-9-1,9,30,32,39,43,13,153,166
2025-8-30,12,18,22,26,33,6,111,117
2025-8-27,1,6,14,33,43,6,97,103
2025-8-25,8,12,14,32,35,9,101,110
2025-8-23,7,19,29,37,39,11,131,142
2025-8-20,13,20,26,28,37,9,124,133
2025-8-18,1,12,14,28,33,1,88,89
2025-8-16,2,4,8,12,32,8,58,66
2025-8-13,1,3,9,24,34,9,71,80
2025-8-11,13,16,36,37,38,12,140,152
2025-8-9,2,9,12,22,42,3,87,90
2025-8-6,12,20,29,30,38,4,129,133
2025-8-4,25,30,33,34,35,12,157,169
2025-8-2,1,3,4,34,37,15,79,94
2025-7-30,19,22,24,31,39,3,135,138
2025-7-28,8,16,22,34,41,10,121,131
2025-7-26,1,17,21,28,35,12,102,114
2025-7-23,7,8,11,27,38,3,91,94
2025-7-21,4,13,18,33,36,11,104,115
2025-7-19,4,7,23,37,43,15,114,129
2025-7-16,4,15,21,30,35,5,105,110
2025-7-14,7,8,12,33,39,13,99,112
2025-7-12,1,11,24,25,35,8,96,104
2025-7-9,3,5,9,35,39,11,91,102
2025-7-7,9,16,28,36,43,12,132,144
2025-7-5,17,26,29,32,34,2,138,140
2025-7-2,5,10,12,24,29,13,80,93
2025-6-30,3,4,8,11,17,14,43,57
2025-6-28,10,13,18,34,40,12,115,127
2025-6-25,4,11,12,14,21,12,62,74
2025-6-23,9,17,25,42,43,3,136,139
2025-6-21,5,24,26,30,43,4,128,132
2025-6-18,2,6,7,13,18,14,46,60
2025-6-16,4,8,10,30,40,10,92,102
2025-6-14,8,9,21,27,33,2,98,100
2025-6-11,11,21,23,30,34,5,119,124
2025-6-9,10,28,31,32,42,10,143,153
2025-6-7,3,26,27,29,30,15,115,130
2025-6-4,2,10,27,31,33,10,103,113
2025-6-2,15,23,26,31,39,9,134,143
2025-5-31,2,13,34,36,41,7,126,133
2025-5-28,1,11,22,28,40,1,102,103
2025-5-24,7,15,33,35,36,10,126,136
2025-5-21,3,11,20,35,40,16,109,125
2025-5-17,2,10,14,23,36,15,85,100
2025-5-14,18,20,21,26,36,7,121,128
2025-5-10,5,11,23,25,34,3,98,101
2025-5-7,8,14,30,36,42,1,130,131
2025-5-3,3,21,31,33,40,14,128,142
2025-4-30,6,23,32,34,40,14,135,149
2025-4-26,1,16,18,20,25,15,80,95
2025-4-23,2,9,22,23,25,5,81,86
2025-4-19,24,34,35,36,40,5,169,174
2025-4-16,18,32,34,36,38,13,158,171
2025-4-12,21,25,38,39,42,15,165,180
2025-4-9,12,25,28,37,42,9,144,153
2025-4-5,4,9,17,18,37,5,85,90
2025-4-2,9,13,20,23,24,10,89,99
2025-3-29,17,25,27,28,39,3,136,139
2025-3-26,7,13,35,37,43,2,135,137
2025-3-22,6,10,17,21,40,16,94,110
2025-3-19,9,15,18,28,42,11,112,123
2025-3-15,5,10,13,31,37,16,96,112
2025-3-12,17,20,26,27,42,1,132,133
2025-3-8,3,5,6,33,42,4,89,93
2025-3-5,8,14,19,37,43,6,121,127
2025-3-1,7,21,26,32,40,12,126,138
2025-2-26,2,8,19,21,43,9,93,102
2025-2-22,7,12,19,33,38,8,109,117
2025-2-19,6,8,32,35,39,3,120,123
2025-2-15,1,13,27,35,41,10,117,127
2025-2-12,4,5,7,25,32,4,73,77
2025-2-8,4,10,12,27,40,9,93,102
2025-2-5,4,7,16,18,43,2,88,90
2025-2-1,5,6,19,32,37,16,99,115
2025-1-29,7,12,33,36,39,10,127,137
2025-1-25,10,26,37,40,42,5,155,160
2025-1-22,4,15,23,27,34,13,103,116
2025-1-18,1,6,7,20,41,2,75,77
2025-1-15,13,22,25,32,35,10,127,137
2025-1-11,9,15,23,28,39,7,114,121
2025-1-8,1,5,28,36,38,5,108,113
2025-1-4,16,34,36,37,40,12,163,175
2025-1-1,11,16,18,37,40,16,122,138
2024-12-28,2,4,22,24,32,10,84,94
2024-12-25,4,19,28,32,39,13,122,135
2024-12-21,11,13,27,28,43,15,122,137
2024-12-18,9,10,15,26,28,2,88,90
2024-12-14,19,25,32,34,41,9,151,160
2024-12-11,10,12,18,22,40,4,102,106
2024-12-7,5,10,15,21,22,12,73,85
2024-12-4,7,10,16,31,36,10,100,110
2024-11-30,3,12,14,19,28,9,76,85
2024-11-27,10,21,22,36,40,14,129,143
2024-11-23,7,13,15,33,34,8,102,110
2024-11-20,11,12,19,21,32,3,95,98
2024-11-16,1,23,32,36,40,13,132,145
2024-11-13,1,5,25,29,31,12,91,103
2024-11-9,7,20,24,33,40,6,124,130
2024-11-6,6,15,24,28,31,10,104,114
2024-11-2,10,24,36,40,42,11,152,163
2024-10-30,6,25,33,42,43,10,149,159
2024-10-26,18,20,21,26,32,3,117,120
2024-10-23,8,14,16,26,32,9,96,105
2024-10-19,31,32,33,39,43,14,178,192
2024-10-16,1,16,23,33,42,5,115,120
2024-10-12,4,5,9,18,34,16,70,86
2024-10-9,5,7,10,25,43,16,90,106
2024-10-5,12,13,27,32,34,6,118,124
2024-10-2,12,20,24,34,39,7,129,136
2024-9-28,7,14,19,20,27,16,87,103
2024-9-25,6,15,29,32,42,12,124,136
2024-9-21,4,27,29,37,43,4,140,144
2024-9-18,8,9,10,16,23,3,66,69
2024-9-14,11,13,16,28,42,4,110,114
2024-9-11,4,12,28,32,40,10,116,126
2024-9-7,3,5,6,36,42,1,92,93
2024-9-4,23,25,34,42,43,4,167,171
2024-8-31,2,4,20,22,32,11,80,91
2024-8-28,2,4,21,32,33,13,92,105
2024-8-24,1,13,14,15,33,1,76,77
2024-8-21,4,13,37,39,41,15,134,149
2024-8-17,1,22,27,31,40,11,121,132
2024-8-14,3,22,25,33,38,12,121,133
2024-8-10,2,4,32,39,42,3,119,122
2024-8-7,4,17,24,29,43,5,117,122
2024-8-3,8,14,23,28,32,13,105,118
2024-7-31,1,4,9,33,37,15,84,99
2024-7-27,8,12,22,25,39,11,106,117
2024-7-24,9,12,21,30,41,2,113,115
2024-7-20,6,11,26,27,40,7,110,117
2024-7-17,23,24,27,29,40,9,143,152
2024-7-13,7,15,21,29,36,8,108,116
2024-7-10,12,15,21,26,39,9,113,122
2024-7-6,8,10,16,30,35,11,99,110
2024-7-3,5,7,19,22,25,5,78,83
2024-6-29,8,19,25,28,41,2,121,123
2024-6-26,7,11,32,40,41,9,131,140
2024-6-22,4,15,16,20,34,4,89,93
2024-6-19,2,11,13,24,37,11,87,98
2024-6-15,2,13,14,30,43,3,102,105
2024-6-12,4,9,13,14,20,12,60,72
2024-6-8,7,25,28,39,41,7,140,147
2024-6-5,8,18,20,28,41,4,115,119
2024-6-1,10,26,28,29,40,15,133,148
2024-5-29,18,19,23,25,38,14,123,137
2024-5-25,7,12,27,28,37,16,111,127
2024-5-22,5,11,16,17,37,13,86,99
2024-5-18,1,10,16,27,35,13,89,102
2024-5-15,3,4,6,15,23,10,51,61
2024-5-11,12,23,35,38,42,1,150,151
2024-5-8,13,24,25,33,36,15,131,146
2024-5-4,24,29,34,35,36,14,158,172
2024-5-1,2,4,21,24,29,2,80,82
2024-4-27,1,2,15,21,23,13,62,75
2024-4-24,7,9,32,34,41,10,123,133
2024-4-20,7,9,12,37,41,7,106,113
2024-4-17,20,30,31,40,43,9,164,173
2024-4-13,4,10,11,30,37,13,92,105
2024-4-10,6,30,34,36,39,14,145,159
2024-4-6,13,17,24,41,43,10,138,148
2024-4-3,9,11,21,24,41,6,106,112
2024-3-30,15,18,23,30,34,1,120,121
2024-3-27,1,8,19,34,39,3,101,104
2024-3-23,10,14,21,32,41,8,118,126
2024-3-20,14,16,24,27,32,16,113,129
2024-3-16,19,21,28,29,39,9,136,145
2024-3-13,9,19,21,24,33,15,106,121
2024-3-9,1,14,18,21,42,12,96,108
2024-3-6,1,5,9,13,43,16,71,87
2024-3-2,2,9,18,26,43,13,98,111
2024-2-28,4,26,28,29,37,1,124,125
2024-2-24,2,5,27,28,30,4,92,96
2024-2-21,16,22,29,30,37,2,134,136
2024-2-17,2,4,14,21,28,7,69,76
2024-2-14,3,16,19,37,40,7,115,122
2024-2-10,9,14,22,24,29,1,98,99
2024-2-7,2,4,22,29,35,16,92,108
2024-2-3,5,10,16,29,36,13,96,109
2024-1-31,4,8,24,34,40,5,110,115
2024-1-27,15,24,28,29,33,13,129,142
2024-1-24,7,10,11,13,25,1,66,67
2024-1-20,8,16,20,27,37,4,108,112
2024-1-17,11,29,30,36,41,2,147,149
2024-1-13,17,21,26,29,37,4,130,134
2024-1-10,6,8,9,13,43,11,79,90
2024-1-6,2,10,12,17,25,12,66,78
2024-1-3,1,3,5,14,28,8,51,59
2023-12-30,24,28,32,35,39,16,158,174
2023-12-27,15,23,26,35,42,3,141,144
2023-12-23,5,11,12,33,41,4,102,106
2023-12-20,22,30,32,39,42,7,165,172
2023-12-16,16,19,24,27,38,8,124,132
2023-12-13,12,18,37,40,42,1,149,150
2023-12-9,2,18,26,33,36,1,115,116
2023-12-6,5,15,20,29,41,6,110,116
2023-12-2,2,27,30,34,37,14,130,144
2023-11-29,1,10,11,23,36,4,81,85
2023-11-25,14,18,26,37,42,7,137,144
2023-11-22,17,30,32,35,37,9,151,160
2023-11-18,9,14,22,38,43,14,126,140
2023-11-15,12,16,17,28,36,13,109,122
2023-11-11,5,8,15,35,39,12,102,114
2023-11-8,17,18,28,34,42,12,139,151
2023-11-4,1,4,16,26,27,14,74,88
2023-11-1,11,14,32,34,36,8,127,135
2023-10-28,5,8,17,27,31,16,88,104
2023-10-25,7,10,12,27,37,15,93,108
2023-10-21,6,10,18,35,37,13,106,119
2023-10-18,2,5,14,30,31,14,82,96
2023-10-14,3,6,28,35,36,5,108,113
2023-10-11,2,7,13,25,29,10,76,86
2023-10-7,10,14,26,32,39,11,121,132
2023-10-4,2,3,21,27,40,9,93,102
2023-9-30,4,8,10,15,18,8,55,63
2023-9-27,13,14,23,25,40,11,115,126
2023-9-23,3,13,20,30,35,14,101,115
2023-9-20,8,9,30,37,40,10,124,134
2023-9-16,8,33,39,41,42,1,163,164
2023-9-13,3,21,34,36,39,15,133,148
2023-9-9,16,31,33,36,38,5,154,159
2023-9-6,17,27,38,41,43,5,166,171
2023-9-2,14,16,21,27,29,5,107,112
2023-8-30,6,15,16,18,37,9,92,101
2023-8-26,1,10,14,17,34,7,76,83
2023-8-23,8,10,16,19,37,12,90,102
2023-8-19,2,3,4,5,20,3,34,37
2023-8-16,13,17,27,28,42,3,127,130
2023-8-12,13,18,26,37,39,1,133,134
2023-8-9,2,16,20,31,33,4,102,106
2023-8-5,6,18,27,40,42,7,133,140
2023-8-2,19,24,26,36,37,5,142,147
2023-7-29,14,20,25,29,30,9,118,127
2023-7-26,6,20,27,29,43,9,125,134
2023-7-22,2,4,24,31,40,15,101,116
2023-7-19,3,21,23,32,33,9,112,121
2023-7-15,15,16,25,36,41,2,133,135
2023-7-12,27,36,39,42,43,11,187,198
2023-7-8,16,17,28,30,38,6,129,135
2023-7-5,15,18,21,31,41,12,126,138
2023-7-1,4,12,19,34,38,13,107,120
2023-6-28,5,10,25,27,43,12,110,122
2023-6-24,4,19,23,30,42,1,118,119
2023-6-21,5,7,12,29,37,9,90,99
2023-6-17,2,3,13,20,30,3,68,71
2023-6-14,26,28,31,34,41,14,160,174
2023-6-10,12,26,36,40,42,12,156,168
2023-6-7,11,29,36,39,43,13,158,171
2023-6-3,4,8,12,20,30,16,74,90
2023-5-31,3,6,13,16,25,4,63,67
2023-5-27,5,8,9,24,41,7,87,94
2023-5-24,5,13,16,32,35,4,101,105
2023-5-20,3,7,20,25,33,1,88,89
2023-5-17,1,3,11,26,36,2,77,79
2023-5-13,18,30,33,34,37,8,152,160
2023-5-10,5,18,31,33,35,10,122,132
2023-5-6,4,10,17,23,32,2,86,88
2023-5-3,1,3,24,30,38,10,96,106
2023-4-29,3,14,19,34,39,12,109,121
2023-4-26,2,16,25,35,39,11,117,128
2023-4-22,3,12,15,28,40,1,98,99
2023-4-19,3,13,21,37,43,13,117,130
2023-4-15,5,26,33,37,43,4,144,148
2023-4-12,4,17,19,23,32,9,95,104
2023-4-8,10,27,32,40,42,14,151,165
2023-4-5,4,5,18,22,29,2,78,80
2023-4-1,20,24,27,33,40,12,144,156
2023-3-29,14,16,24,29,30,3,113,116
2023-3-25,7,8,16,19,30,5,80,85
2023-3-22,2,20,23,27,37,8,109,117
2023-3-18,1,5,9,19,31,13,65,78
2023-3-15,3,7,16,33,34,3,93,96
2023-3-11,3,7,24,33,40,14,107,121
2023-3-8,23,30,36,37,40,11,166,177
2023-3-4,1,5,11,28,31,15,76,91
2023-3-1,1,12,38,39,41,16,131,147
2023-2-25,20,26,29,37,38,12,150,162
2023-2-22,10,16,26,32,35,14,119,133
2023-2-18,5,7,10,13,31,14,66,80
2023-2-15,1,19,35,36,39,8,130,138
2023-2-11,7,20,25,26,30,11,108,119
2023-2-8,9,21,23,28,38,12,119,131
2023-2-4,5,6,18,26,42,9,97,106
2023-2-1,8,12,23,37,38,16,118,134
2023-1-28,8,18,27,40,42,8,135,143
2023-1-25,17,20,26,33,38,1,134,135
2023-1-21,6,11,13,16,42,12,88,100
2023-1-18,8,9,33,35,42,13,127,140
2023-1-14,4,8,21,36,43,8,112,120
2023-1-11,17,21,22,27,29,9,116,125
2023-1-7,11,17,33,34,40,9,135,144
2023-1-4,1,12,14,32,33,8,92,100
2022-12-31,14,25,32,33,39,12,143,155
2022-12-28,1,4,9,23,24,13,61,74
2022-12-24,16,26,27,36,42,11,147,158
2022-12-21,31,33,37,40,41,16,182,198
2022-12-17,21,26,34,37,42,16,160,176
2022-12-14,14,18,24,36,42,2,134,136
2022-12-10,4,7,21,22,36,10,90,100
2022-12-7,5,17,21,24,28,10,95,105
2022-12-3,5,11,12,13,34,3,75,78
2022-11-30,6,12,15,16,35,3,84,87
2022-11-26,8,20,21,29,38,11,116,127
2022-11-23,6,11,18,28,43,4,106,110
2022-11-19,4,24,25,26,43,3,122,125
2022-11-16,5,9,16,25,26,10,81,91
2022-11-12,6,21,26,39,41,15,133,148
2022-11-9,2,7,12,26,43,4,90,94
2022-11-5,1,8,17,20,30,9,76,85
2022-11-2,5,15,19,33,43,8,115,123
2022-10-29,5,9,11,20,30,4,75,79
2022-10-26,18,32,33,40,41,10,164,174
2022-10-22,2,5,14,30,36,12,87,99
2022-10-19,1,7,20,36,39,14,103,117
2022-10-15,3,14,35,36,37,8,125,133
2022-10-12,12,24,33,34,36,3,139,142
2022-10-8,10,17,31,36,41,14,135,149
2022-10-5,5,16,23,34,43,16,121,137
2022-10-1,3,5,15,22,42,2,87,89
2022-9-28,6,17,36,37,38,11,134,145
2022-9-24,11,16,32,34,37,5,130,135
2022-9-21,3,6,7,26,42,11,84,95
2022-9-17,9,10,18,29,32,4,98,102
2022-9-14,6,8,20,34,41,8,109,117
2022-9-10,12,18,32,34,43,4,139,143
2022-9-7,1,12,15,22,33,16,83,99
2022-9-3,4,9,26,33,41,3,113,116
2022-8-31,4,12,17,19,42,14,94,108
2022-8-27,1,26,27,35,43,11,132,143
2022-8-24,2,6,24,32,40,5,104,109
2022-8-20,1,6,34,37,39,4,117,121
2022-8-17,3,7,20,31,35,7,96,103
2022-8-13,1,8,10,22,25,4,66,70
2022-8-10,13,14,15,33,40,16,115,131
2022-8-6,4,8,17,39,40,14,108,122
2022-8-3,6,28,33,34,38,12,139,151
2022-7-30,16,17,22,26,36,15,117,132
2022-7-27,7,9,10,11,29,13,66,79
2022-7-23,20,30,31,33,39,10,153,163
2022-7-20,7,8,13,18,37,12,83,95
2022-7-16,3,4,6,18,36,15,67,82
2022-7-13,6,12,13,15,38,16,84,100
2022-7-9,4,15,27,30,35,7,111,118
2022-7-6,22,31,35,40,42,2,170,172
2022-7-2,2,9,16,31,34,5,92,97
2022-6-29,8,11,12,29,41,14,101,115
2022-6-25,2,10,15,22,25,3,74,77
2022-6-22,5,14,20,30,31,8,100,108
2022-6-18,3,7,15,19,43,1,87,88
2022-6-15,14,16,27,34,41,14,132,146
2022-6-11,1,6,16,31,37,13,91,104
2022-6-8,12,22,28,42,43,9,147,156
2022-6-4,3,7,10,26,31,8,77,85
2022-6-1,10,17,18,25,28,16,98,114
2022-5-28,6,29,33,40,42,12,150,162
2022-5-25,1,8,21,28,36,5,94,99
2022-5-21,23,26,27,31,42,4,149,153
2022-5-18,22,23,28,32,38,5,143,148
2022-5-14,4,12,14,28,38,10,96,106
2022-5-11,5,11,22,23,24,15,85,100
2022-5-7,2,6,11,19,22,16,60,76
2022-5-4,3,10,11,19,41,15,84,99
2022-4-30,12,19,24,34,35,10,124,134
2022-4-27,6,7,15,17,31,12,76,88
2022-4-23,3,23,29,30,38,3,123,126
2022-4-20,5,12,18,32,36,12,103,115
2022-4-16,13,14,27,28,39,13,121,134
2022-4-13,7,10,13,28,31,2,89,91
2022-4-9,1,15,27,30,43,3,116,119
2022-4-6,4,14,28,32,35,15,113,128
2022-4-2,13,28,33,37,43,14,154,168
2022-3-30,22,29,30,33,40,3,154,157
2022-3-26,5,19,24,34,39,13,121,134
2022-3-23,16,18,28,30,34,1,126,127
2022-3-19,23,28,31,33,38,4,153,157
2022-3-16,2,13,16,34,38,16,103,119
2022-3-12,2,3,7,24,34,3,70,73
2022-3-9,7,9,21,32,35,7,104,111
2022-3-5,5,12,18,21,22,2,78,80
2022-3-2,3,4,9,19,26,15,61,76
2022-2-26,29,32,33,39,43,1,176,177
2022-2-23,17,20,23,32,40,2,132,134
2022-2-19,7,17,33,35,41,9,133,142
2022-2-16,5,8,9,21,42,8,85,93
2022-2-12,1,12,13,33,36,3,95,98
2022-2-9,2,3,8,15,33,6,61,67
2022-2-5,2,11,12,24,43,12,92,104
2022-2-2,3,14,15,19,31,7,82,89
2022-1-29,18,24,29,40,41,5,152,157
2022-1-26,22,24,31,33,34,13,144,157
2022-1-22,12,14,35,38,40,1,139,140
2022-1-19,22,24,34,38,43,6,161,167
2022-1-15,1,5,9,21,24,10,60,70
2022-1-12,2,12,17,30,32,1,93,94
2022-1-8,9,16,18,21,27,5,91,96
2022-1-5,20,21,38,40,43,5,162,167
2022-1-1,2,8,21,38,43,7,112,119
2021-12-29,16,17,24,26,28,4,111,115
2021-12-25,14,15,26,28,40,14,123,137
2021-12-22,5,20,35,38,43,2,141,143
2021-12-18,3,16,22,26,40,12,107,119
2021-12-15,7,25,34,42,43,2,151,153
2021-12-11,9,16,19,29,39,1,112,113
2021-12-8,9,25,33,35,40,7,142,149
2021-12-4,25,27,31,42,43,14,168,182
2021-12-1,9,11,15,20,35,2,90,92
2021-11-27,6,20,24,30,40,16,120,136
2021-11-24,4,7,19,33,39,8,102,110
2021-11-20,1,4,12,13,33,13,63,76
2021-11-17,1,11,22,32,33,12,99,111
2021-11-13,11,12,28,29,32,13,112,125
2021-11-10,5,7,23,34,43,11,112,123
2021-11-6,3,19,26,32,43,11,123,134
2021-11-3,4,12,35,39,43,14,133,147
2021-10-30,12,19,31,42,43,2,147,149
2021-10-27,6,9,16,17,26,6,74,80
2021-10-23,1,2,18,19,23,7,63,70
2021-10-20,13,14,18,21,39,13,105,118
2021-10-16,6,10,25,26,27,6,94,100
2021-10-13,2,10,15,22,25,6,74,80
2021-10-9,4,8,12,27,41,6,92,98
2021-10-6,10,20,25,30,36,16,121,137
2021-10-2,19,30,38,39,41,1,167,168
2021-9-29,4,9,13,18,25,9,69,78
2021-9-25,6,7,23,36,43,10,115,125
2021-9-22,8,23,27,33,42,9,133,142
2021-9-18,12,24,34,37,40,8,147,155
2021-9-15,4,22,28,35,37,16,126,142
2021-9-11,7,12,27,35,41,8,122,130
2021-9-8,11,19,28,32,36,6,126,132
2021-9-4,8,15,30,36,41,14,130,144
2021-9-1,7,12,20,23,32,1,94,95
2021-8-28,3,20,27,40,43,1,133,134
2021-8-25,3,7,9,17,39,8,75,83
2021-8-21,8,13,22,24,30,10,97,107
2021-8-18,6,9,19,37,39,15,110,125
2021-8-14,15,21,31,32,33,6,132,138
2021-8-11,3,11,22,27,39,2,102,104
2021-8-7,1,6,21,34,40,7,102,109
2021-8-4,1,8,19,29,40,7,97,104
2021-7-31,2,9,17,24,25,8,77,85
2021-7-28,8,19,28,36,40,14,131,145
2021-7-24,3,13,16,36,40,5,108,113
2021-7-21,3,7,23,35,36,10,104,114
2021-7-17,15,16,24,26,40,9,121,130
2021-7-14,20,24,27,29,36,1,136,137
2021-7-10,3,5,25,27,36,14,96,110
2021-7-7,5,17,21,26,31,7,100,107
2021-7-3,1,9,13,22,29,14,74,88
2021-6-30,23,28,35,37,38,15,161,176
2021-6-26,4,14,31,32,43,16,124,140
2021-6-23,15,16,17,39,41,9,128,137
2021-6-19,5,8,14,26,33,3,86,89
2021-6-16,2,6,28,34,38,11,108,119
2021-6-12,18,19,25,26,43,9,131,140
2021-6-9,6,7,26,27,41,15,107,122
2021-6-5,1,9,10,13,27,8,60,68
2021-6-2,3,5,22,26,35,3,91,94
2021-5-29,1,8,18,29,40,2,96,98
2021-5-26,5,16,31,32,33,14,117,131
2021-5-22,2,9,13,35,39,12,98,110
2021-5-19,13,20,29,39,40,16,141,157
2021-5-15,17,26,31,35,38,10,147,157
2021-5-12,4,6,8,9,16,5,43,48
2021-5-8,5,10,24,29,41,11,109,120
2021-5-5,3,15,17,29,32,16,96,112
2021-5-1,1,16,34,41,43,2,135,137
